id,name,district_id,province_id,name_nep
1,Arun Rural Municipality,1,1,???? ??????????
2,Amchok Rural Municipality,1,1,????? ??????????
3,Hatuwagadhi Rural Municipality,1,1,???????? ??????????
4,Pauwadung Rural Municipality,1,1,????????? ??????????
5,Temkemayung Rural Municipality,1,1,??????????? ??????????
6,Salpasilicho Rural Municipality,1,1,???????????? ??????????
7,Ram Prasad Rai Rural Municipality,1,1,????????? ??? ??????????
8,Shadananda Municipality,1,1,??????? ?????????
9,Bhojpur Municipality,1,1,?????? ?????????
10,Pakhribash Municipality,2,1,????????? ?????????
11,Dhankuta Municipality,2,1,?????? ?????????
12,Mahalakshmi Municipality,2,1,?????????? ?????????
13,Sangurigadhi Rural Municipality,2,1,?????????? ??????????
14,Sahidbhoomi Rural Municipality,2,1,???????? ??????????
15,Chhathar Jorpati Rural Municipality,2,1,??? ??????? ??????????
16,Chaubise Rural Municipality,2,1,?????? ??????????
17,Ilam Municipality,3,1,???? ?????????
18,Deumai Municipality,3,1,?????? ?????????
19,Mai Municipality,3,1,??? ?????????
20,Suryodaya Municipality,3,1,???????? ?????????
21,Fakphokathum Rural Municipality,3,1,????????? ??????????
22,Chulachuli Rural Municipality,3,1,???????? ??????????
23,Maijogmai Rural Municipality,3,1,????????? ??????????
24,Mangsebung Rural Municipality,3,1,???????? ??????????
25,Rong Rural Municipality,3,1,??? ??????????
26,Sandakpur Rural governor,3,1,???????? ??????????
27,Mechinagar Municipality,4,1,??????? ?????????
28,Damak Municipality,4,1,??? ?????????
29,Kankai Municipality,4,1,?????? ?????????
30,Bhadrapur Municipality,4,1,??????? ?????????
31,Arjundhara Municipality,4,1,?????????? ?????????
32,Shivshatakshi Municipality,4,1,?????????? ?????????
33,Gauradaha Municipality,4,1,?????? ?????????
34,Virtamod Municipality,4,1,????????? ?????????
35,Kamal Rural Municipality,4,1,??? ??????????
36,Gauriganj Rural Municipality,4,1,??????? ??????????
37,Bahardashi Rural Municipality,4,1,???????? ??????????
38,Jhapa Rural Municipality,4,1,???? ??????????
39,Buddhashanti Rural Municipality,4,1,??????????? ??????????
40,Haldiwari Rural Municipality,4,1,????????? ??????????
41,Kachankawal Rural Municipality,4,1,?????? ??????????
42,Halesi Tuvachung Municipality,5,1,????? ??????? ?????????
43,Diktel Rupakot Mazhuvagadhi Municipality,5,1,??????? ??????? ???????? ?????????
44,Aiselukharka Rural Municipality,5,1,????????? ??????????
45,Rawa Besi Rural Municipality,5,1,???? ???? ??????????
46,Jantedhunga Rural Municipality,5,1,?????????? ??????????
47,Khotehang Rural Municipality,5,1,??????? ??????????
48,Kepilasgadhi Rural Municipality,5,1,?????????? ??????????
49,Diprung Chuichumma Rural Municipality,5,1,??????? ????????? ??????????
50,Sakela Rural Municipality,5,1,?????? ??????????
51,Varahpokhari Rural Municipality,5,1,????????? ??????????
52,Biratnagar Metropolitan City,6,1,???????? ????????????
53,Belwari Municipality,6,1,??????? ?????????
54,Letang Municipality,6,1,????? ?????????
55,Pathari Sanishchare Municipality,6,1,???? ???????? ?????????
56,Rangeli Municipality,6,1,?????? ?????????
57,Ratuwamai Municipality,6,1,???????? ?????????
58,Sunvarshi Municipality,6,1,???????? ?????????
59,Urlavari Municipality,6,1,????????? ?????????
60,Sundaraharaicha Municipality ,6,1,??????????? ?????????
61,Budhiganga Rural Municipality,6,1,???????? ??????????
62,Dhanpalathan Rural Municipality,6,1,???????? ??????????
63,Gramthan Rural Municipality,6,1,???????? ??????????
64,Jahda Rural Municipality,6,1,???? ??????????
65,Kanepokhari Rural Municipality,6,1,????????? ??????????
66,Katahari Rural Municipality,6,1,????? ??????????
67,Kerawari Rural Municipality,6,1,???????? ??????????
68,Miklajung Rural Municipality,6,1,????????? ??????????
69,Siddicharan Municipality,7,1,????????? ?????????
70,Khijidemba Rural Municipality,7,1,?????????? ??????????
71,Champadevi Rural Municipality,7,1,????????? ??????????
72,Chishankhugadhi Rural Municipality,7,1,????????? ??????????
73,Manebhanyang Rural Municipality,7,1,?????????? ??????????
74,Molung Rural Municipality,7,1,????? ??????????
75,Likhu Rural Municipality,7,1,???? ??????????
76,Sunkoshi Rural Municipality,7,1,??????? ??????????
77,Fidim Municipality,8,1,????? ?????????
78,Phalelung Rural Municipality,8,1,??????? ??????????
79,Falgunand Rural Municipality,8,1,?????????? ??????????
80,Hilihang Rural Municipality,8,1,??????? ??????????
81,Kummayak Rural Municipality,8,1,???????? ??????????
82,Miklajung Rural Municipality,8,1,????????? ??????????
83,Tumbeva Rural Municipality,8,1,???????? ??????????
84,Yangwarak Rural Municipality,8,1,?????? ??????????
85,Chainpur Municipality,9,1,?????? ?????????
86,Dharmadevi Municipality,9,1,???????? ?????????
87,Khandwari Municipality,9,1,???????? ?????????
88,Madi Municipality,9,1,???? ?????????
89,Panchkhapan Municipality,9,1,??????? ?????????
90,Bhotkhola Rural Municipality,9,1,??????? ??????????
91,Chichila Rural Municipality,9,1,?????? ??????????
92,Makalu Rural Municipality,9,1,????? ??????????
93,Sabhapokhari Rural Municipality,9,1,???????? ??????????
94,Silichong Rural Municipality,9,1,??????? ??????????
95,Soludukund Municipality,10,1,???????????? ?????????
96,Mapya Dudhkoshi Rural Municipality,10,1,????? ??????? ??????????
97,Khumbu Pasanglhamu Rural Municipality,10,1,?????? ?????????? ??????????
98,Thulung Dudhkoshi Rural Municipality,10,1,????? ??????? ??????????
99,Nechasalyan Rural Municipality,10,1,?????????? ??????????
100,Mahakulung Rural Municipality,10,1,????????? ??????????
101,Likhu Pike Rural Municipality,10,1,???? ???? ??????????
102,Sotang Rural Municipality,10,1,????? ??????????
103,Itahari Sub-metropolis,11,1,????? ??????????????
104,Dharan Sub-metropolis,11,1,???? ??????????????
105,Inaruwa Municipality,11,1,?????? ?????????
106,Duhavi Municipality,11,1,????? ?????????
107,Ramdhuni Municipality,11,1,??????? ?????????
108,Barakhshetra Municipality,11,1,??????????? ?????????
109,Dewanganj Rural Municipality,11,1,????????? ??????????
110,Koshi Rural Municipality,11,1,???? ??????????
111,Gadhi Rural Municipality,11,1,??? ??????????
112,Barju Rural Municipality,11,1,????? ??????????
113,Bhokraha Narasimha Rural Municipality,11,1,???????? ?????? ??????????
114,Harinagar Rural Municipality,11,1,?????? ??????????
115,Fungling Municipality,12,1,?????? ?????????
116,Atharai Triveni Rural Municipality,12,1,????? ???????? ??????????
117,Sidingwa Rural Municipality,12,1,???????? ??????????
118,Faktanglung Rural Municipality,12,1,????????? ??????????
119,Mikwakhola Rural Municipality,12,1,?????????? ??????????
120,Meringden Rural Municipality,12,1,???????? ??????????
121,Maiwakhola Rural Municipality,12,1,???????? ??????????
122,Pathibhara Yangwarak Rural Municipality,12,1,??????? ?????? ??????????
123,Sirijangha Rural Municipality,12,1,????????? ??????????
124,Manglung Municipality,13,1,???????? ?????????
125,Laliguran's Municipality,13,1,?????????? ?????????
126,Atharai Rural Municipality,13,1,????? ??????????
127,Chhathar Rural Municipality,13,1,??? ??????????
128,Phedap Rural Municipality,13,1,????? ??????????
129,Menchhayayem Rural Municipality,13,1,?????????? ??????????
130,Katari Municipality,14,1,????? ?????????
131,Chaudandigarhi Municipality,14,1,?????????? ?????????
132,Triyuga Municipality,14,1,???????? ?????????
133,Municipality of Velka,14,1,????? ?????????
134,Udayapurgadhi Rural Municipality,14,1,????????? ??????????
135,Tapli Rural Municipality,14,1,?????? ??????????
136,Rautamai Rural Municipality,14,1,??????? ??????????
137,Limchungbung Rural Municipality,14,1,??????????? ??????????
138,Chhipaharmai Rural Municipality,15,2,???????? ??????????
139,Pakaha Mainpur Rural Municipality,15,2,????? ?????? ??????????
140,Bindabasini Rural Municipality,15,2,??????????? ??????????
141,Sakhuwa Prasauni Rural Municipality,15,2,????? ??????? ??????????
142,Paterwa Sugauli Rural Municipality,15,2,??????? ?????? ??????????
143,Kalikamai Rural Municipality,15,2,????????? ??????????
144,Jira Bhavani Rural Municipality,15,2,???? ????? ??????????
747,Birgunj Metropolitan,15,2,?????? ????????????
748,Pokhariya Municipality,15,2,??????? ?????????
749,Bahudarmai Municipality,15,2,???????? ?????????
750,Parsagadhi Municipality,15,2,???????? ?????????
751,Thori Rural Municipality,15,2,???? ??????????
752,Jagarnathpur Rural Municipality,15,2,????????? ??????????
753,Dhobini Rural Municipality,15,2,?????? ??????????
145,Kalaiya Sub-metropolis,16,2,????? ??????????????
146,Jeetpur Simra Sub-metropolis,16,2,?????? ????? ??????????????
147,Kolhavi Municipality,16,2,??????? ?????????
148,Nijgadh Municipality,16,2,????? ?????????
149,Mahagadhimai Municipality,16,2,????????? ?????????
150,Simraungadh Municipality,16,2,????????? ?????????
151,Pacharauta Municipality,16,2,?????? ?????????
153,Karaiyamai Rural Municipality,16,2,???????? ??????????
154,Devtal Rural Municipality,16,2,?????? ??????????
155,Parwanipur Rural Municipality,16,2,????????? ??????????
156,Prasauni Rural Municipality,16,2,??????? ??????????
157,Feta Rural Municipality,16,2,???? ??????????
158,Baragadhi Rural Municipality,16,2,??????? ??????????
159,Suvarna Rural Municipality,16,2,?????? ??????????
160,Vishrampur Rural Municipality,16,2,?????????? ??????????
161,Chandrapur Municipality**,17,2,????????? ?????????
162,Garuda Municipality,17,2,????? ?????????
163,Gaur Municipality,17,2,??? ?????????
164,Baudhimai Municipality,17,2,??????? ?????????
165,Brindavan Municipality,17,2,???????? ?????????
166,Dewahi Gonahi Municipality,17,2,?????? ?????? ?????????
167,Gadhimai Municipality,17,2,?????? ?????????
168,Gujra Municipality,17,2,????? ?????????
169,Katahariya Municipality,17,2,??????? ?????????
170,Madhav Narayan Municipality,17,2,???? ?????? ?????????
171,Maulapur Municipality,17,2,??????? ?????????
172,Fatuwabijaypur Municipality,17,2,???????????? ?????????
173,Ishnath Municipality,17,2,????? ?????????
174,Paroha Municipality,17,2,????? ?????????
175,Rajpur Municipality,17,2,?????? ?????????
176,Rajdevi Municipality,17,2,??????? ?????????
177,Durga Bhagwati Rural Municipality,17,2,?????? ????? ??????????
178,Yamunamai Rural Municipality,17,2,???????? ??????????
179,Ishwarpur Municipality,18,2,???????? ?????????
180,Malangwa Municipality,18,2,?????? ?????????
181,Lalbandi Municipality,18,2,???????? ?????????
182,Haripur Municipality,18,2,?????? ?????????
183,Haripurwa Municipality,18,2,????????? ?????????
184,Hariwan Municipality,18,2,????? ?????????
185,Barhathwa Municipality,18,2,?????? ?????????
186,Ballara Municipality,18,2,???? ?????????
187,Godaita Municipality,18,2,?????? ?????????
188,Bagmati Municipality,18,2,?????? ?????????
189,Kawilasi Municipality,18,2,??????? ?????????
190,Chakraghatta Rural Municipality,18,2,????????? ??????????
191,Chandranagar Rural Municipality,18,2,????????? ??????????
192,Dhankaul Rural Municipality,18,2,????? ??????????
193,Brahmapuri Rural Municipality,18,2,?????????? ??????????
194,Ramnagar Rural Municipality,18,2,?????? ??????????
195,Vishnu Rural Municipality,18,2,?????? ??????????
196,Kaudena Rural Municipality,18,2,?????? ??????????
197,Parsa Rural Municipality,18,2,????? ??????????
198,Basbariya Rural Municipality,18,2,??????? ??????????
199,Janakpurdham Sub-metropolis,19,2,????????? ??????????????
200,Kshireshwar Nath Municipality,19,2,????????????? ?????????
201,Ganeshman Charnath Municipality,19,2,??????? ?????? ?????????
202,Dhanushadham Municipality,19,2,???????? ?????????
203,Nagarain Municipality,19,2,?????? ?????????
204,Videha Municipality,19,2,????? ?????????
205,Mithila Municipality,19,2,?????? ?????????
206,Shahidnagar Municipality,19,2,??????? ?????????
207,Sabaila Municipality,19,2,????? ?????????
208,Kamala Municipality,19,2,???? ?????????
209,Mithila Bihari Municipality,19,2,?????? ?????? ?????????
210,Hanspur Municipality,19,2,?????? ?????????
211,Janakandini Rural Municipality,19,2,?????????? ??????????
212,Bateshwar Rural Municipality,19,2,??????? ??????????
213,Mukhiyapatti Musaharmiya Rural Municipality,19,2,??????????? ????????? ??????????
214,Laxminaya Rural Municipality,19,2,??????????? ??????????
215,Aurahi Rural Municipality,19,2,???? ??????????
216,Dhanauji Rural Municipality,19,2,????? ??????????
217,Lahan Municipality,20,2,???? ?????????
218,Dhangadhimai Municipality,20,2,???????? ?????????
219,Siraha Municipality,20,2,????? ?????????
220,Golbazar Municipality,20,2,??????? ?????????
221,Mirchaiya Municipality,20,2,????????? ?????????
222,Kalyanpur Municipality,20,2,????????? ?????????
223,Karjanha Municipality,20,2,???????? ?????????
224,Sukhipur Municipality,20,2,??????? ?????????
225,Bhagwanpur Rural Municipality,20,2,???????? ??????????
226,Aurahi Rural Municipality,20,2,???? ??????????
227,Bishnupur Rural Municipality,20,2,????????? ??????????
228,Bariyarpatti Rural Municipality,20,2,??????????? ??????????
229,Laxmipur Patari Rural Municipality,20,2,?????????? ????? ??????????
230,Naraha Rural Municipality,20,2,???? ??????????
231,Sakhuwanankarkatti Rural Municipality,20,2,????????????????? ??????????
232,Arnama Rural Municipality,20,2,?????? ??????????
233,Nawarajpur Rural Municipality,20,2,???????? ??????????
234,Jaleshwar Municipality,21,2,??????? ?????????
235,Bardibas Municipality,21,2,???????? ?????????
236,Gaushala Municipality,21,2,?????? ?????????
237,Loharpatti Municipality,21,2,????????? ?????????
238,Ramgopalpur Municipality,21,2,??????????? ?????????
239,Manara Shiswa Municipality,21,2,???? ????? ?????????
240,Matihani Municipality,21,2,??????? ?????????
241,Bhangaha Municipality,21,2,?????? ?????????
242,Balwa Municipality,21,2,???? ?????????
243,Aurahi Municipality,21,2,???? ?????????
244,Ekadara Rural Municipality,21,2,?????? ??????????
245,Sonama Rural Municipality,21,2,????? ??????????
246,Samsi Rural Municipality,21,2,?????? ??????????
247,Mahottari Rural Municipality,21,2,???????? ??????????
248,Pipra Rural Municipality,21,2,????? ??????????
249,Rajviraj Municipality,22,2,???????? ?????????
250,Kanchanrup Municipality,22,2,???????? ?????????
251,Dakneshwari Municipality,22,2,??????????? ?????????
252,Bodebarsain Municipality,22,2,?????????? ?????????
253,Khadak Municipality,22,2,??? ?????????
254,Shambhunath Municipality,22,2,???????? ?????????
255,Surunga Municipality,22,2,????????? ?????????
256,Hanuman Nagar Kangkalini Municipality,22,2,????????? ?????????? ?????????
257,Saptakoshi Municipality,22,2,???????? ?????????
258,Agnisair Krishnasaravan Rural Municipality,22,2,????????? ?????????? ??????????
259,Chhinnamasta Rural Municipality,22,2,?????????? ??????????
260,Mahadeva Rural Municipality,22,2,??????? ??????????
261,Tirhut Rural Municipality,22,2,?????? ??????????
262,Tilathi Koiladi Rural Municipality,22,2,?????? ??????? ??????????
263,Rupani Rural Municipality,22,2,????? ??????????
264,Rajgad Rural Municipality,22,2,????? ??????????
265,Bishnupur Rural Municipality,22,2,????????? ??????????
266,Balan-Bihul Rural Municipality,22,2,????-????? ??????????
267,Kamalamai Municipality,23,3,??????? ?????????
268,Dudhauli Municipality,23,3,?????? ?????????
269,Golanjar Rural Municipality,23,3,??????? ??????????
270,Ghyanglekh Rural Municipality,23,3,???????? ??????????
271,Tinpatan Rural Municipality,23,3,??????? ??????????
272,Fikal Rural Municipality,23,3,?????? ??????????
273,Marin Rural Municipality,23,3,???? ??????????
274,Sunkoshi Rural Municipality,23,3,??????? ??????????
275,Hariharpurgadhi Rural Municipality,23,3,??????????? ??????????
276,Manthali Municipality,24,3,?????? ?????????
277,Ramechhap Municipality,24,3,??????? ?????????
278,Umakunda Rural Municipality,24,3,???????? ??????????
279,Khandadevi Rural Municipality,24,3,????????? ??????????
280,Gokulganga Rural Municipality,24,3,?????????? ??????????
281,Doramba Shanlung Rural Municipality,24,3,??????? ?????? ??????????
282,Likhu Tamakoshi Rural Municipality,24,3,???? ???????? ??????????
283,Sunapati Rural Municipality,24,3,??????? ??????????
284,Jiri Municipality,25,3,???? ?????????
285,Bhimeshwar Municipality,25,3,???????? ?????????
286,Kalinchok Rural Municipality,25,3,????????? ??????????
287,Gaurishankar Rural Municipality,25,3,????????? ??????????
288,Tamakoshi Rural Municipality,25,3,???????? ??????????
289,Melung Rural Municipality,25,3,??????? ??????????
290,Vigu Rural Municipality,25,3,???? ??????????
291,Vaiteshwar Rural Municipality,25,3,???????? ??????????
292,Shailung Rural Municipality,25,3,??????? ??????????
293,Changunarayan Municipality,26,3,??????????? ?????????
294,Bhaktapur Municipality,26,3,??????? ?????????
295,Madhyapur Thimi Municipality,26,3,??????? ???? ?????????
296,Suryavinayak Municipality,26,3,??????????? ?????????
297,Dhunibenshi Municipality,27,3,????????? ?????????
298,Nilkantha Municipality,27,3,??????? ?????????
299,Khaniyabas Rural Municipality,27,3,???????? ??????????
300,Gajuri Rural Municipality,27,3,????? ??????????
301,Galchi Rural Municipality,27,3,????? ??????????
302,Gangajamuna Rural Municipality,27,3,?????????? ??????????
303,Jwalamukhi Rural Municipality,27,3,?????????? ??????????
304,Thakre Rural Municipality,27,3,?????? ??????????
305,Netravati Dabjong Rural Municipality,27,3,????????? ????? ??????????
306,Benighat Rorang Rural Municipality,27,3,??????? ??????? ??????????
307,Ruvi Valley Municipality,27,3,???? ?????? ??????????
308,Siddhalek Rural Municipality,27,3,???????? ??????????
309,Tripura Sundari Rural Municipality,27,3,??????????????? ??????????
310,Kathmandu Metropolitan City,28,3,?????????? ????????????
311,Kageshwari Manohara Municipality,28,3,????????? ?????? ?????????
312,Kirtipur Municipality,28,3,????????? ?????????
313,Gokarneshwar Municipality,28,3,??????????? ?????????
314,Chandragiri Municipality,28,3,??????????? ?????????
315,Tokha Municipality,28,3,???? ?????????
316,Tarkeshwar Municipality,28,3,????????? ?????????
317,Dakshinkali Municipality,28,3,?????????? ?????????
318,Nagarjuna Municipality,28,3,????????? ?????????
319,Budhanilkantha Municipality,28,3,??????????? ?????????
320,Shankharapur Municipality,28,3,????????? ?????????
321,Dhulikhel Municipality,29,3,??????? ?????????
322,Banepa Municipality,29,3,????? ?????????
323,Panauti Municipality,29,3,????? ?????????
324,Panchkhal Municipality,29,3,??????? ?????????
325,Namobuddha Municipality,29,3,???????? ?????????
326,Mandandeupur Municipality,29,3,??????????? ?????????
327,Khanikhola Rural Municipality,29,3,???????? ??????????
328,Chaurideurali Rural Municipality,29,3,???????????? ??????????
329,Temal Rural Municipality,29,3,????? ??????????
330,Bethanchowk Rural Municipality,29,3,???????? ??????????
331,Bhumlu Rural Municipality,29,3,?????? ??????????
332,Mahabharat Rural Municipality,29,3,??????? ??????????
333,Roshi Rural Municipality,29,3,???? ??????????
334,Lalitpur Metropolitian,30,3,??????? ????????????
335,Godavari Municipality,30,3,??????? ?????????
336,Mahalakshmi Municipality,30,3,?????????? ?????????
337,Konjyosom Rural Municipality,30,3,??????????? ??????????
338,Bagmati Rural Municipality,30,3,?????? ??????????
339,Mahankal Rural Municipality,30,3,???????? ??????????
340,Bidur Municipality,31,3,????? ?????????
341,Belkotgadhi Municipality,31,3,????????? ?????????
342,Kakani Rural Municipality,31,3,???? ??????????
343,Kispang Rural Municipality,31,3,??????? ??????????
344,Tadi Rural Municipality,31,3,???? ??????????
345,Tarkeshwar Rural Municipality,31,3,????????? ??????????
346,Dupcheshwor Rural Municipality,31,3,?????????? ??????????
347,Panchakanya Rural Municipality,31,3,????????? ??????????
348,Likhu Rural Municipality,31,3,???? ??????????
349,Myagang Rural Municipality,31,3,????? ??????????
350,Shivpuri Rural Municipality,31,3,??????? ??????????
351,Suryagadhi Rural Municipality,31,3,???????? ??????????
352,Uttargaya Rural Municipality,32,3,???????? ??????????
353,Kalika Rural Municipality,32,3,?????? ??????????
354,Gosaikunda Rural Municipality,32,3,?????????? ??????????
355,Naukunda Rural Municipality,32,3,??????? ??????????
356,Amachhodingmo Rural Municipality,32,3,?????????? ??????????
357,Chautara Sangachokgadhi Municipality,33,3,?????? ??????????? ?????????
358,Barhabise Municipality,33,3,????????? ?????????
359,Melamchi Municipality,33,3,??????? ?????????
360,Indravati Rural Municipality,33,3,?????????? ??????????
361,Jugal Rural Municipality,33,3,???? ??????????
362,Panchpokhari Thangpal Rural Municipality,33,3,????????? ?????? ??????????
363,Balefi Rural Municipality,33,3,????? ??????????
364,Bhotekoshi Rural Municipality,33,3,???????? ??????????
365,Lisankhu Pakhar Rural Municipality,33,3,??????? ???? ??????????
366,Sunkoshi Rural Municipality,33,3,??????? ??????????
367,Helmu Rural Municipality,33,3,??????? ??????????
368,Tripura Sundari Rural Municipality,33,3,??????????????? ??????????
369,Bharatpur Metropolitian,34,3,?????? ????????????
370,Kalika Municipality,34,3,?????? ?????????
371,Khairhani Municipality,34,3,?????? ?????????
372,Madi Municipality,34,3,???? ?????????
373,Ratnanagar Municipality,34,3,??????? ?????????
374,Rapti Municipality,34,3,?????? ?????????
375,Ichchakamana Rural Municipality,34,3,?????????? ??????????
376,Hetauda Sub-metropolis,35,3,?????? ??????????????
377,Thaha Municipality,35,3,???? ?????????
378,Indrasarobar Rural Municipality,35,3,??????????? ??????????
379,Kailash Rural Municipality,35,3,????? ??????????
380,Bakaiya Rural Municipality,35,3,????? ??????????
381,Bagmati Rural Municipality,35,3,??????? ??????????
382,Bhimfedi Rural Municipality,35,3,??????? ??????????
383,Makwanpurgadhi Rural Municipality,35,3,??????????? ??????????
384,Manahari Rural Municipality,35,3,????? ??????????
385,Raksirang Rural Municipality,35,3,??????????? ??????????
386,Baglung Municipality,36,4,?????? ?????????
387,Galkot Municipality,36,4,?????? ?????????
388,Jaimuni Municipality,36,4,?????? ?????????
389,Dhorpatan Municipality,36,4,??????? ?????????
390,Wareng Rural Municipality,36,4,???? ??????????
391,Kathekhola Rural Municipality,36,4,???????? ??????????
392,Tamankhola Rural Municipality,36,4,???????? ??????????
393,Tarakhola Rural Municipality,36,4,???????? ??????????
394,Nisikhola Rural Municipality,36,4,???????? ??????????
395,Wadigad Rural Municipality,36,4,?????? ??????????
396,Gorkha Municipality,37,4,????? ?????????
397,Palungtar Municipality,37,4,???????? ?????????
398,Barpak Sulikot Rural Municipality,37,4,?????? ??????? ??????????
399,Siranchok Rural Municipality,37,4,???????? ??????????
400,Ajirkot Rural Municipality,37,4,??????? ??????????
401,Arughat Rural Municipality,37,4,?????? ??????????
402,Gandaki Rural Municipality,37,4,?????? ??????????
403,Chumanuvri Rural Municipality,37,4,????????? ??????????
404,Dharche Rural Municipality,37,4,?????? ??????????
405,Bhimsenthapa Rural Municipality,37,4,?????????? ??????????
406,Shahid Lakhan Rural Municipality,37,4,???? ??? ??????????
407,Pokhara Metropolitan City,38,4,????? ????????????
408,Annapurna Rural Municipality,38,4,????????? ??????????
409,Machhapuchhre Rural Municipality,38,4,???????????? ??????????
410,Madi Rural Municipality,38,4,???? ??????????
411,Rupa Rural Municipality,38,4,???? ??????????
412,Besishahar Municipality,39,4,??????? ?????????
413,Madhya Nepal Municipality,39,4,????????? ?????????
414,Rainas Municipality,39,4,???????? ?????????
415,Sunderbazar Municipality,39,4,?????????? ?????????
416,Kwalasothar Rural Municipality,39,4,????????????? ??????????
417,Dudhpokhari Rural Municipality,39,4,???????? ??????????
418,Dordi Rural Municipality,39,4,?????? ??????????
419,Marsyangdi Rural Municipality,39,4,?????????? ??????????
420,Chame Rural Municipality,40,4,???? ??????????
421,Narpa land Rural Municipality,40,4,?????? ???? ??????????
422,Naso Rural Municipality,40,4,????? ??????????
423,Manang Ngisyang Rural Municipality,40,4,???? ??????? ??????????
424,Gharpajhong Rural Municipality,41,4,?????? ??????????
425,Thasang Rural Municipality,41,4,????? ??????????
426,Lo-Ghekar Damodarkund Rural Municipality,41,4,??-???? ??????????? ??????????
427,Lomanthang Rural Municipality,41,4,???????? ??????????
428,Waragung Free Zone Municipality,41,4,??????? ????????????? ??????????
429,Beni Municipality,42,4,???? ?????????
430,Annapurna Rural Municipality,42,4,????????? ??????????
431,Dhawalagiri Rural Municipality,42,4,???????? ??????????
432,Mangala Rural Municipality,42,4,????? ??????????
433,Malika Rural Municipality,42,4,?????? ??????????
434,Raghuganga Rural Municipality,42,4,??????? ??????????
435,Kawasoti Municipality,43,4,???????? ?????????
436,Gaidakot Municipality,43,4,??????? ?????????
437,Devachuli Municipality,43,4,??????? ?????????
438,Madyavindu Municipality,43,4,?????????? ?????????
439,Baudikali Rural Municipality,43,4,???????? ??????????
440,Bulingtar Rural Municipality,43,4,???????? ??????????
441,Vinayi Triveni Rural Municipality,43,4,????? ???????? ??????????
442,Hupsekot Rural Municipality,43,4,????????? ??????????
443,Kushma Municipality,44,4,?????? ?????????
444,Phalewas Municipality,44,4,?????? ?????????
445,Jaljala Rural Municipality,44,4,????? ??????????
446,Paiyun Rural Municipality,44,4,????? ??????????
447,Mahashila Rural Municipality,44,4,??????? ??????????
448,Modi Rural Municipality,44,4,???? ??????????
449,Vihadi Rural Municipality,44,4,?????? ??????????
450,Galyang Municipality,45,4,?????? ?????????
451,Chapakot Municipality,45,4,??????? ?????????
452,Putlibazar Municipality,45,4,????????? ?????????
453,Bhirkot Municipality,45,4,?????? ?????????
454,Waling Municipality,45,4,????? ?????????
455,Arjunchaupari Rural Municipality,45,4,???????????? ??????????
456,Andhikhola Rural Municipality,45,4,???????? ??????????
457,Kaligandaki Rural Municipality,45,4,?????????? ??????????
458,Fedikhola Rural Municipality,45,4,???????? ??????????
459,Biruwa Rural Municipality,45,4,?????? ??????????
460,Harinas Rural Municipality,45,4,?????? ??????????
461,Bhanu Municipality,46,4,???? ?????????
462,Bhimad Municipality,46,4,????? ?????????
463,Byas Municipality,46,4,????? ?????????
464,Shuklagand Municipality,46,4,???????????? ?????????
465,Aanbukhaireni Rural Municipality,46,4,?????????? ??????????
466,Rhishing Rural Municipality,46,4,?????? ??????????
467,Ghiring Rural Municipality,46,4,????? ??????????
468,Devghat Rural Municipality,46,4,?????? ??????????
469,Myagde Rural Municipality,46,4,???????? ??????????
470,Vandipur Rural Municipality,46,4,???????? ??????????
471,Kapilvastu Municipality,47,5,????????? ?????????
472,Buddhabhumi Municipality,47,5,????????? ?????????
473,Shivraj Municipality,47,5,?????? ?????????
474,Maharajganj Municipality,47,5,????????? ?????????
475,Krishnanagar Municipality,47,5,???????? ?????????
476,Banganga Municipality,47,5,??????? ?????????
477,Mayadevi Rural Municipality,47,5,???????? ??????????
478,Yasodhara Rural Municipality,47,5,?????? ??????????
479,Suddhodhan Rural Municipality,47,5,???????? ??????????
480,Vijayanagar Rural Municipality,47,5,??????? ??????????
481,Sunwal Municipality,48,5,?????? ????????? 
482,Ramgram Municipality,48,5,???????? ?????????
483,Palhi Nandan Rural Municipality,48,5,????? ????? ??????????
484,Sarawal Rural Municipality,48,5,?????? ??????????
485,Bardaghat Municipality,48,5,??????? ?????????
486,Pratappur Rural Municipality,48,5,????????? ??????????
487,Susta Rural Municipality,48,5,?????? ??????????
488,Butwal Sub-metropolis,49,5,????? ??????????????
489,Devadaha Municipality,49,5,????? ?????????
490,Lumbini Cultural Municipality,49,5,???????? ?????????? ?????????
491,Sainamaina Municipality,49,5,???????? ?????????
492,Siddharthnagar Municipality,49,5,???????????? ?????????
493,Tilottama Municipality ,49,5,????????? ?????????
494,Gaidhawa Rural Municipality,49,5,?????? ??????????
495,Kanchan Rural Municipality,49,5,????? ??????????
496,Kothimai Rural Municipality,49,5,???????? ??????????
497,Marchwari Rural Municipality,49,5,???????? ??????????
498,Mayadevi Rural Municipality,49,5,???????? ??????????
499,Omasatiya Rural Municipality,49,5,??????? ??????????
500,Rohini Rural Municipality,49,5,?????? ??????????
501,Sammarimai Rural Municipality,49,5,????????? ??????????
502,Siyari Rural Municipality,49,5,?????? ??????????
503,Shuddhodhan Rural Municipality,49,5,???????? ??????????
504,Sandhikharka Municipality,50,5,????????? ?????????
505,Shitganga Municipality,50,5,??????? ?????????
506,Bhumisthan Municipality,50,5,??????????? ?????????
507,Chhatradev Rural Municipality,50,5,??????? ??????????
508,Panini Rural Municipality,50,5,?????? ??????????
509,Malarani Rural Municipality,50,5,???????? ??????????
510,Musikot Municipality,51,5,??????? ?????????
511,Resunga Municipality,51,5,???????? ?????????
512,Isma Rural Municipality,51,5,????? ??????????
513,Kaligandaki Rural Municipality,51,5,?????????? ??????????
514,Gulmi Durbar Rural Municipality,51,5,?????? ????? ??????????
515,Satyavati Rural Municipality,51,5,??????? ??????????
516,Chandrakot Rural Municipality,51,5,????????? ??????????
517,Rurukshetra Rural Municipality,51,5,??????????? ??????????
518,Chhatrakot Rural Municipality,51,5,??????? ??????????
519,Dhurkot Rural Municipality,51,5,??????? ??????????
520,Madane Rural Municipality,51,5,????? ??????????
521,Malika Rural Municipality,51,5,?????? ??????????
522,Rampur Municipality,52,5,?????? ?????????
523,Tansen Municipality,52,5,?????? ?????????
524,Nisdi Rural Municipality,52,5,?????? ??????????
525,Purbakhola Rural Municipality,52,5,????????? ??????????
526,Rambha Rural Municipality,52,5,????? ??????????
527,Mathagadhi Rural Municipality,52,5,??????? ??????????
528,Tinau Rural Municipality,52,5,????? ??????????
529,Baganaskali Rural Municipality,52,5,????????? ??????????
530,Ribdikot Rural Municipality,52,5,????????? ??????????
531,Rainadevi Chhahra Rural Municipality,52,5,???????? ???? ??????????
532,Tulsipur Sub-metropolis,53,5,????????? ??????????????
533,Ghorahi Sub-metropolis,53,5,?????? ??????????????
534,Lamahi Municipality,53,5,???? ?????????
535,Bangalachuli Rural Municipality,53,5,????????? ??????????
536,Dangisharan Rural Municipality,53,5,??????? ??????????
537,Gadhwa Rural Municipality,53,5,???? ??????????
538,Rajpur Rural Municipality,53,5,?????? ??????????
539,Rapti Rural Municipality,53,5,?????? ??????????
540,Shantinagar Rural Municipality,53,5,????????? ??????????
541,Babai Rural Municipality,53,5,??? ??????????
542,Pyuthan Municipality,54,5,??????? ?????????
543,Swargadwari Municipality,54,5,???????????? ?????????
544,Gaumukhi Rural Municipality,54,5,?????? ??????????
545,Mandvi Rural Municipality,54,5,??????? ??????????
546,Sarumarani Rural Municipality,54,5,????????? ??????????
547,Mallarani Rural Municipality,54,5,???????? ??????????
548,Nauwahini Rural Municipality,54,5,??????? ??????????
549,Zhimruk Rural Municipality,54,5,?????? ??????????
550,Airavati Rural Municipality,54,5,?????? ??????????
551,Rolpa Municipality,55,5,?????? ?????????
552,Triveni Rural Municipality,55,5,???????? ??????????
553,Parivartan Rural Municipality,55,5,???????? ??????????
554,Madi Rural Municipality,55,5,???? ??????????
555,Runtigadhi Rural Municipality,55,5,????????? ??????????
556,Lungri Rural Municipality,55,5,??????? ??????????
557,Gangadev Rural Municipality,55,5,??????? ??????????
558,Sunchahari Rural Municipality,55,5,??????? ??????????
559,Sunil Smriti Rural Municipality,55,5,????? ?????? ??????????
560,Thawang Rural Municipality,55,5,???? ??????????
561,Putha Uttarganga Rural Municipality,56,5,???? ????????? ??????????
562,Bhume Rural Municipality,56,5,???? ??????????
563,Sisne Rural Municipality,56,5,?????? ??????????
564,Nepalganj Sub-metropolis,57,5,???????? ??????????????
565,Kohalpur Municipality,57,5,??????? ?????????
566,Narainapur Rural Municipality,57,5,???????? ??????????
567,Rapti Sonari Rural Municipality,57,5,?????? ?????? ??????????
568,Baijnath Rural Municipality,57,5,?????? ??????????
569,Khajura Rural Municipality,57,5,????? ??????????
570,Duduwa Rural Municipality,57,5,?????? ??????????
571,Janaki Rural Municipality,57,5,????? ??????????
572,Gulariya Municipality,58,5,??????? ?????????
573,Madhuvan Municipality,58,5,????? ?????????
574,Rajapur Municipality,58,5,??????? ?????????
575,Thakur Baba Municipality,58,5,????????? ?????????
576,Bansgadhi Municipality,58,5,??????? ?????????
577,Barbardia Municipality,58,5,?????????? ?????????
578,Badaiyatal Rural Municipality,58,5,???????? ??????????
579,Geruwa Rural Municipality,58,5,?????? ??????????
580,Sharada Municipality,59,6,????? ?????????
581,Bagchaur Municipality,59,6,?????? ?????????
582,Bangad Kupinde Municipality,59,6,????? ???????? ?????????
583,Kalimati Rural Municipality,59,6,???????? ??????????
584,Triveni Rural Municipality,59,6,???????? ??????????
585,Kapurkot Rural Municipality,59,6,??????? ??????????
586,Chhatreswari Rural Municipality,59,6,?????????? ??????????
587,Siddha Kumakh Rural Municipality,59,6,????? ????? ??????????
588,Kumakh Rural Municipality,59,6,????? ??????????
589,Darma Rural Municipality,59,6,?????? ??????????
590,Thuli Bheri Municipality,60,6,???? ???? ?????????
591,Tripura Sundari Municipality,60,6,??????????????? ?????????
592,Dolpo Buddha Rural Municipality,60,6,?????? ????? ??????????
593,She-Foksundo Rural Municipality,60,6,??-?????????? ??????????
594,Jagadulla Rural Municipality,60,6,???????? ??????????
595,Mudkechula Rural Municipality,60,6,?????????? ??????????
596,Kaike Rural Municipality,60,6,????? ??????????
597,Charka Tangsong Rural Municipality,60,6,?????? ?????? ??????????
598,Simkot Rural Municipality,61,6,?????? ??????????
599,Namkha Rural Municipality,61,6,?????? ??????????
600,Kharpunath Rural Municipality,61,6,????????? ??????????
601,Sarkegad Rural Municipality,61,6,???????? ??????????
602,Chankheli Rural Municipality,61,6,?????? ??????????
603,Adanchuli Rural Municipality,61,6,???????? ??????????
604,Tanjakot Rural Municipality,61,6,???????? ??????????
605,Chandannath Municipality,62,6,???????? ?????????
606,Kanakasundari Rural Municipality,62,6,??????????? ??????????
607,Sinja Rural Municipality,62,6,????? ??????????
608,Hima Rural Municipality,62,6,???? ??????????
609,Tila Rural Municipality,62,6,???? ??????????
610,Guthichaur Rural Municipality,62,6,??????? ??????????
611,Tatopani Rural Municipality,62,6,???????? ??????????
612,Patarasi Rural Municipality,62,6,???????? ??????????
613,Khandachakra Municipality,63,6,????????? ?????????
614,Rascot Municipality,63,6,??????? ?????????
615,Tilagufa Municipality,63,6,???????? ?????????
616,Pachaljharna Rural Municipality,63,6,???????? ??????????
617,Sanni Triveni Rural Municipality,63,6,?????? ???????? ??????????
618,Narharinath Rural Municipality,63,6,???????? ??????????
619,Rural Municipality of Shubh Kali,63,6,??? ?????? ??????????
620,Mahawai Rural Municipality,63,6,????? ??????????
621,Palata Rural Municipality,63,6,????? ??????????
622,Chhayannath Rara Municipality,64,6,???????? ???? ?????????
623,Mugum Karmarong Rural Municipality,64,6,????? ?????????? ??????????
624,Soru Rural Municipality,64,6,???? ??????????
625,Khatyad Rural Municipality,64,6,?????? ??????????
626,Birendranagar Municipality,65,6,???????????? ?????????
627,Bheriganga Municipality,65,6,???????? ?????????
628,Gurbhakot Municipality,65,6,????????? ?????????
629,Panchpuri Municipality,65,6,???????? ?????????
630,Lekweshi Municipality,65,6,??????? ?????????
631,Chaukune Rural Municipality,65,6,?????? ??????????
632,Barahatal Rural Municipality,65,6,??????? ??????????
633,Chingad Rural Municipality,65,6,??????? ??????????
634,Simta Rural Municipality,65,6,?????? ??????????
635,Narayan Municipality,66,6,?????? ?????????
636,Dullu Municipality,66,6,?????? ?????????
637,Chamunda Bindrasaini Municipality,66,6,???????? ???????????? ?????????
638,Aathbis municipalities,66,6,????? ?????????
639,Bhagwatimai Rural Municipality,66,6,???????? ??????????
640,Gurans Rural Municipality,66,6,?????? ??????????
641,Dungeshwar Rural Municipality,66,6,????????? ??????????
642,Naumule Rural Municipality,66,6,?????? ??????????
643,Mahavu Rural Municipality,66,6,????? ??????????
644,Bhairavi Rural Municipality,66,6,????? ??????????
645,Thantikandh Rural Municipality,66,6,????????? ??????????
646,Bheri Municipality,67,6,???? ?????????
647,Chhedagad Municipality,67,6,??????? ?????????
648,Nalgad Municipality,67,6,????? ?????????
649,Barekot Rural Municipality,67,6,??????? ??????????
650,Kuse Rural Municipality,67,6,???? ??????????
651,Junichande Rural Municipality,67,6,????????? ??????????
652,Shivalaya Rural Municipality,67,6,?????? ??????????
653,Musikot Municipality,68,6,??????? ?????????
654,Chaurajahari Municipality,68,6,???????? ?????????
655,Athbiscot Municipality,68,6,???????? ?????????
656,Banfikot Rural Municipality,68,6,???????? ??????????
657,Triveni Rural Municipality,68,6,???????? ??????????
658,Sani Bheri Rural Municipality,68,6,???? ???? ??????????
659,Dhangadhi Sub-metropolis,69,7,????? ??????????????
660,Tikapur Municipality,69,7,??????? ?????????
661,Ghodaghodi Municipality,69,7,???????? ?????????
662,Lamkichuha Municipality,69,7,????????? ?????????
663,Bhajani Municipality,69,7,???? ?????????
664,Godavari Municipality,69,7,??????? ?????????
665,Gauriganga Municipality,69,7,???????? ?????????
666,Janaki Rural Municipality,69,7,????? ??????????
667,Bardagoria Rural Municipality,69,7,?????????? ??????????
668,Mohanyal Rural Municipality,69,7,???????? ??????????
669,Kailari Rural Municipality,69,7,?????? ??????????
670,Joshipur Rural Municipality,69,7,??????? ??????????
671,Chure Rural Municipality,69,7,???? ??????????
672,Mangalsen Municipality,70,7,??????? ?????????
673,Kamalbazar Municipality,70,7,??????? ?????????
674,Sanphebgar Municipality,70,7,???????? ?????????
675,Panchdewal Vinayak Municipality,70,7,???????? ?????? ?????????
676,Chaurpati Rural Municipality,70,7,??????? ??????????
677,Mellekh Rural Municipality,70,7,??????? ??????????
678,Bannigadhi Jayagardh Rural Municipality,70,7,????????? ???? ??????????
679,Ramaroshan Rural Municipality,70,7,???????? ??????????
680,Dhakari Rural Municipality,70,7,????? ??????????
681,Turmakhand Rural Municipality,70,7,?????????? ??????????
682,Dipayal Silgadhi Municipality,71,7,?????? ?????? ?????????
683,Shikhar Municipality,71,7,???? ?????????
684,Purvichauki Rural Municipality,71,7,?????????? ??????????
685,Badikedar Rural Municipality,71,7,???????? ??????????
686,Jorayal Rural Municipality,71,7,?????? ??????????
687,Sayal Rural Municipality,71,7,???? ??????????
688,Aadarsha Rural Municipality,71,7,????? ??????????
689,K.I.C. Rural Municipality,71,7,??.??.???. ??????????
690,Bogtan Foodsil Rural Municipality,71,7,?????? ??????? ??????????
691,Jaya Prithvi Municipality,72,7,???????? ?????????
692,Bungal Municipality,72,7,????? ?????????
693,Talkot Rural Municipality,72,7,????? ??????????
694,Mashta Rural Municipality,72,7,????? ??????????
695,Khaptadchanna Rural Municipality,72,7,??????????? ??????????
696,Thalara Rural Municipality,72,7,????? ??????????
697,Vitthadchir Rural Municipality,72,7,????????? ??????????
698,Surma Rural Municipality,72,7,?????? ??????????
699,Chhabispathibhera Rural Municipality,72,7,???????????? ??????????
700,Durgathali Rural Municipality,72,7,????????? ??????????
701,Kedarsyu Rural Municipality,72,7,?????????? ??????????
702,Saipal Rural Municipality,72,7,?????? ??????????
703,Badimalika Municipality,73,7,????????? ?????????
704,Triveni Municipality,73,7,???????? ?????????
705,Budhiganga Municipality,73,7,???????? ?????????
706,Budhinanda Municipality,73,7,????????? ?????????
707,Gaumul Rural Municipality,73,7,????? ??????????
708,Jagannath Rural Municipality,73,7,???????? ??????????
709,Swamikartik Khapar Rural Municipality,73,7,????????????? ???? ??????????
710,Khaptad Chhededaha Rural Municipality,73,7,????? ?????? ??????????
711,Himali Rural Municipality,73,7,?????? ??????????
712,Bhimdatta Municipality,74,7,??????? ?????????
713,Purnavas Municipality,74,7,???????? ?????????
714,Vedkot Municipality,74,7,?????? ?????????
715,Dodhara Chadani Municipality,74,7,?????? ?????? ?????????
716,Shuklaphanta Municipality,74,7,??????????? ?????????
717,Belauri Municipality,74,7,?????? ?????????
718,Krishnapur Municipality,74,7,???????? ?????????
719,Beldadi Rural Municipality,74,7,??????? ??????????
720,Laljhadi Rural Municipality,74,7,??????? ??????????
721,Amargadhi Municipality,75,7,?????? ?????????
722,Parashuram Municipality,75,7,??????? ?????????
723,Alital Rural Municipality,75,7,?????? ??????????
724,Bhageshwor Rural Municipality,75,7,???????? ??????????
725,Navdurga Rural Municipality,75,7,???????? ??????????
726,Ajayameru Rural Municipality,75,7,??????? ??????????
727,Ganyapadhura Rural Municipality,75,7,?????????? ??????????
728,Dasharathchanda Municipality,76,7,???????? ?????????
729,Patan Municipality,76,7,???? ?????????
730,Melauli Municipality,76,7,?????? ?????????
731,Purchaudi Municipality,76,7,???????? ?????????
732,Surnaya Rural Municipality,76,7,??????? ??????????
733,Sigas Rural Municipality,76,7,????? ??????????
734,Shivnath Rural Municipality,76,7,?????? ??????????
735,Pancheshwor Rural Municipality,76,7,????????? ??????????
736,Dogadakedar Rural Municipality,76,7,?????????? ??????????
737,Dilasani Rural Municipality,76,7,???????? ??????????
738,Mahakali Municipality,77,7,??????? ?????????
739,Shailyashikhar Municipality,77,7,????????? ?????????
740,Malikarjun Rural Municipality,77,7,??????????? ??????????
741,Apihimal Rural Municipality,77,7,???????? ??????????
742,Duhun Rural Municipality,77,7,????? ??????????
743,Naugad Rural Municipality,77,7,????? ??????????
744,Marma Rural Municipality,77,7,?????? ??????????
745,Lekam Rural Municipality,77,7,???? ??????????
746,Byans Rural Municipality,77,7,?????? ??????????
